artist,track,listeners,playcount
The Weeknd,Blinding Lights,2294232,37539630
The Weeknd,Starboy,2270949,32347688
The Weeknd,The Hills,2061562,26638531
The Weeknd,Die for You,1933782,32637405
The Weeknd,Can't Feel My Face,1807365,18089620
The Weeknd,Save Your Tears,1803090,26535132
The Weeknd,Stargirl Interlude,1760686,36106638
The Weeknd,Call Out My Name,1534041,20362852
The Weeknd,I Feel It Coming,1405513,15326401
The Weeknd,"One of the Girls (with JENNIE, Lily Rose Depp)",1389903,26074830
The Weeknd,Heartless,1239277,19693537
The Weeknd,Often,1193117,13640693
The Weeknd,Is There Someone Else?,1192541,20436770
The Weeknd,After Hours,1174322,19103956
The Weeknd,Reminder,1092148,15926149
The Weeknd,Party Monster,1026118,13279623
The Weeknd,In Your Eyes,1023304,13202390
The Weeknd,Timeless (Feat Playboi Carti),1020296,12544862
The Weeknd,Earned It (Fifty Shades of Grey),989709,8741063
The Weeknd,Out of Time,967963,15871031
Kendrick Lamar,HUMBLE.,2216285,30338072
Kendrick Lamar,Money Trees,2056184,33839099
Kendrick Lamar,Not Like Us,1876901,29036336
Kendrick Lamar,All the Stars (with SZA),1843486,26468175
Kendrick Lamar,Alright,1828835,30366032
Kendrick Lamar,PRIDE.,1762319,31931958
Kendrick Lamar,DNA.,1688188,23869175
Kendrick Lamar,LOVE. FEAT. ZACARI.,1652011,24638111
Kendrick Lamar,"Bitch, DonŌĆÖt Kill My Vibe",1491855,18190651
Kendrick Lamar,luther (with SZA),1467434,26232689
Kendrick Lamar,Swimming Pools (Drank),1420678,13921292
Kendrick Lamar,King Kunta,1384582,19019742
Kendrick Lamar,LOYALTY. FEAT. RIHANNA.,1261423,15098854
Kendrick Lamar,N95,1226485,19537339
Kendrick Lamar,tv off (feat. Lefty Gunplay),1206139,16205287
Kendrick Lamar,United in Grief,1181191,13910063
Kendrick Lamar,m.A.A.d city,1166159,14426485
Kendrick Lamar,Poetic Justice,1161068,12467452
Kendrick Lamar,Backseat Freestyle,1160014,13428813
Kendrick Lamar,squabble up,1138225,14144291
Taylor Swift,Blank Space,1773195,27401766
Taylor Swift,Cruel Summer,1652749,48176598
Taylor Swift,Shake It Off,1582604,18413054
Taylor Swift,Style,1527761,32600701
Taylor Swift,cardigan,1510498,43926886
Taylor Swift,Love Story,1465923,14122623
Taylor Swift,You Belong with Me,1392903,13399489
Taylor Swift,august,1346373,42011374
Taylor Swift,Anti-Hero,1328840,33972542
Taylor Swift,Lover,1316858,26953916
Taylor Swift,DonŌĆÖt Blame Me,1231182,26199700
Taylor Swift,Look What You Made Me Do,1213279,22796044
Taylor Swift,Wildest Dreams,1198818,15235639
Taylor Swift,We Are Never Ever Getting Back Together,1187841,11484938
Taylor Swift,I Knew You Were Trouble.,1161798,10494339
Taylor Swift,Bad Blood,1149780,13954305
Taylor Swift,Wildest Dreams (Taylor's Version),1110628,23455292
Taylor Swift,Delicate,1079846,25882866
Taylor Swift,You Belong with Me (TaylorŌĆÖs Version),1062533,18066721
Taylor Swift,exile (feat. Bon Iver),1053462,25510157
Radiohead,Creep,3976621,57414024
Radiohead,No Surprises,3288612,52880951
Radiohead,Karma Police,3228736,41420109
Radiohead,High and Dry,2451727,28024715
Radiohead,Paranoid Android,2428455,27018609
Radiohead,Let Down,2415658,37677847
Radiohead,All I Need,2383888,39169111
Radiohead,Fake Plastic Trees,2360228,31815335
Radiohead,Exit Music (for a Film),2292735,29647199
Radiohead,Jigsaw Falling Into Place,2269847,39265348
Radiohead,Just,2034748,25185800
Radiohead,Everything in Its Right Place,1977356,21717451
Radiohead,Nude,1965104,28595175
Radiohead,Airbag,1749698,14296823
Radiohead,How to Disappear Completely,1731208,21640669
Radiohead,15 Step,1721330,19644191
Radiohead,Subterranean Homesick Alien,1705827,14461463
Radiohead,House of Cards,1701275,17909362
Radiohead,Bodysnatchers,1679900,18688600
Radiohead,Reckoner,1674098,19853028
Kanye West,Stronger,2832061,27200146
Kanye West,Heartless,2792110,33069340
Kanye West,Flashing Lights,2120324,35095677
Kanye West,I Wonder,1946514,31024592
Kanye West,Can't Tell Me Nothing,1907195,18850861
Kanye West,Bound 2,1858129,29332247
Kanye West,Gold Digger,1849189,16578583
Kanye West,All of the Lights,1808994,21028819
Kanye West,POWER,1713119,20837211
Kanye West,Father Stretch My Hands Pt. 1,1670964,34869633
Kanye West,Runaway,1599019,24788508
Kanye West,All Falls Down,1562965,20716223
Kanye West,Homecoming,1451245,19684660
Kanye West,Devil in a New Dress,1385618,24573853
Kanye West,Champion,1379043,15057863
Kanye West,Through the Wire,1357129,14971696
Kanye West,Love Lockdown,1290640,10742302
Kanye West,Dark Fantasy,1276248,14047788
Kanye West,Violent Crimes,1275706,23406103
Kanye West,Black Skinhead,1273376,16718677
Lady Gaga,Poker Face,3531735,40415492
Lady Gaga,Bad Romance,2984841,37713777
Lady Gaga,Paparazzi,2739321,31162050
Lady Gaga,Just Dance,2715774,27139307
Lady Gaga,LoveGame,2026225,21549358
Lady Gaga,Alejandro,1931120,24649627
Lady Gaga,Judas,1884312,32634117
Lady Gaga,Telephone,1766711,21327772
Lady Gaga,Die with a Smile,1707738,29917521
Lady Gaga,Born This Way,1545464,22203876
Lady Gaga,Applause,1531817,20402866
Lady Gaga,Monster,1152985,15130302
Lady Gaga,Bloody Mary,1140433,15497610
Lady Gaga,Abracadabra,1110721,24826378
Lady Gaga,The Edge of Glory,936248,10871009
Lady Gaga,Rain on Me (with Ariana Grande),904933,17607871
Lady Gaga,Summerboy,902744,8464242
Lady Gaga,Shallow,902224,8586085
Lady Gaga,Money Honey,828612,6824410
Lady Gaga,Government Hooker,823518,11385038
Drake,One Dance,1880589,21516801
Drake,Best I Ever Had,1773045,12105559
Drake,Passionfruit,1548606,26845609
Drake,God's Plan,1416466,14198223
Drake,Hotline Bling,1383642,12015944
Drake,Forever,1235673,6527635
Drake,"Hold On, We're Going Home",1216112,14417524
Drake,Headlines,1097676,14675106
Drake,Jimmy Cooks (feat. 21 Savage),1012487,17110114
Drake,Over,988908,6489673
Drake,Take Care,935313,7848257
Drake,Rich Flex,927900,11844580
Drake,Nice for What,922085,11719725
Drake,Fair Trade (with Travis Scott),864240,13383461
Drake,Teenage Fever,862341,12458405
Drake,Marvins Room,840420,9989125
Drake,Nonstop,802387,8321954
Drake,IDGAF (feat. Yeat),790729,10750177
Drake,In My Feelings,758367,6470422
Drake,YebbaŌĆÖs Heartbreak,742845,10712097
Rihanna,Don't Stop the Music,2452802,18609326
Rihanna,Only Girl (In the World),2283914,23771965
Rihanna,Umbrella,2246884,16721818
Rihanna,S&M,2158496,21664499
Rihanna,Disturbia,2054800,17771571
Rihanna,We Found Love,1914571,16034678
Rihanna,Rude Boy,1714575,13818884
Rihanna,Diamonds,1659630,15698321
Rihanna,Shut Up and Drive,1600196,12257748
Rihanna,Where Have You Been,1520120,14038546
Rihanna,Love on the Brain,1445858,17602481
Rihanna,Pon de Replay,1418108,8815478
Rihanna,Needed Me,1414110,16199376
Rihanna,Breakin' Dishes,1389016,14786670
Rihanna,SOS,1312052,9269843
Rihanna,Work,1152405,9924917
Rihanna,Stay,1127736,9408081
Rihanna,Take a Bow,1110731,7603762
Rihanna,FourFiveSeconds,1037416,7321186
Rihanna,Bitch Better Have My Money,1008009,8644247
"Tyler, The Creator",See You Again (feat. Kali Uchis),2467932,54821311
"Tyler, The Creator",EARFQUAKE,2017673,38113008
"Tyler, The Creator",ARE WE STILL FRIENDS?,1768044,30587447
"Tyler, The Creator",NEW MAGIC WAND,1743081,31154864
"Tyler, The Creator",BEST INTEREST,1551348,23908753
"Tyler, The Creator",Like Him (feat. Lola Young),1365800,20814325
"Tyler, The Creator","GONE, GONE / THANK YOU",1343710,21660522
"Tyler, The Creator",I THINK,1300646,21310633
"Tyler, The Creator",RUNNING OUT OF TIME,1294780,17455250
"Tyler, The Creator",She,1287860,25292387
"Tyler, The Creator",WUSYANAME (feat. Youngboy Never Broke Again & Ty Dolla $ign),1246700,20724353
"Tyler, The Creator","STICKY (feat. GloRilla, Sexyy Red & Lil Wayne)",1205266,14903332
"Tyler, The Creator",Sugar On My Tongue,1144080,11078234
"Tyler, The Creator",911 / Mr. Lonely (feat. Frank Ocean & Steve Lacy),1109276,15276584
"Tyler, The Creator",A BOY IS A GUN*,1075423,15174052
"Tyler, The Creator",ST. CHROMA (feat. Daniel Caesar),1074548,13701934
"Tyler, The Creator",SWEET / I THOUGHT YOU WANTED TO DANCE (feat. Brent Faiyaz & Fana Hues),1059227,15866235
"Tyler, The Creator",Rah Tah Tah,1047099,11114411
"Tyler, The Creator",NOID,1002924,10247276
"Tyler, The Creator",IGOR'S THEME,997043,12961415
Ariana Grande,7 rings,1653329,27857900
Ariana Grande,Into You,1618030,25278253
Ariana Grande,One Last Time,1470009,17727000
Ariana Grande,"thank u, next",1464811,20960727
Ariana Grande,Santa Tell Me,1394907,10373101
Ariana Grande,Dangerous Woman,1361148,16698107
Ariana Grande,Love Me Harder,1344748,15107700
Ariana Grande,we can't be friends (wait for your love),1340357,33522132
Ariana Grande,Side to Side,1299886,12604584
Ariana Grande,Break Free,1284940,11904817
Ariana Grande,Problem,1256843,9841582
Ariana Grande,no tears left to cry,1219532,20002556
Ariana Grande,positions,1210840,16218118
Ariana Grande,God is a woman,1160084,18090966
Ariana Grande,"break up with your girlfriend, i'm bored",1105920,16167770
Ariana Grande,"yes, and?",1098276,25284963
Ariana Grande,34+35,1024431,11308484
Ariana Grande,the boy is mine,1019004,24461116
Ariana Grande,needy,933693,14580487
Ariana Grande,bloodline,896825,13560943
Sabrina Carpenter,Espresso,2094413,53168167
Sabrina Carpenter,Please Please Please,1662240,34814944
Sabrina Carpenter,Taste,1484763,29908039
Sabrina Carpenter,Nonsense,1411275,28245389
Sabrina Carpenter,Feather,1354981,27196687
Sabrina Carpenter,Bed Chem,1213258,24801601
Sabrina Carpenter,Manchild,1124392,20584435
Sabrina Carpenter,Juno,1092789,24164694
Sabrina Carpenter,Tears,934148,13343720
Sabrina Carpenter,Good Graces,927763,17410801
Sabrina Carpenter,because i liked a boy,892301,14596335
Sabrina Carpenter,Busy Woman,826342,14462101
Sabrina Carpenter,When Did You Get Hot?,766159,10550116
Sabrina Carpenter,DonŌĆÖt Smile,730764,13785413
Sabrina Carpenter,Coincidence,713490,10711231
Sabrina Carpenter,Sharpest Tool,700322,10822798
Sabrina Carpenter,Read your Mind,669666,11889432
Sabrina Carpenter,House Tour,643441,9866808
Sabrina Carpenter,NobodyŌĆÖs Son,642307,9659793
Sabrina Carpenter,Looking at Me,637541,5431909
Billie Eilish,BIRDS OF A FEATHER,2142728,53158998
Billie Eilish,bad guy,1631528,19907868
Billie Eilish,when the party's over,1569768,21520691
Billie Eilish,WILDFLOWER,1560147,33842712
Billie Eilish,LUNCH,1539657,26737295
Billie Eilish,Happier Than Ever,1500404,28130548
Billie Eilish,CHIHIRO,1482697,30335894
Billie Eilish,ocean eyes,1473928,17648636
Billie Eilish,lovely (with Khalid),1460014,17592436
Billie Eilish,everything i wanted,1414793,20986853
Billie Eilish,"What Was I Made For? [From the Motion Picture ""Barbie""]",1316346,19822312
Billie Eilish,i love you,1206939,18206896
Billie Eilish,idontwannabeyouanymore,1180352,14626861
Billie Eilish,bellyache,1150353,13684535
Billie Eilish,TV,1132898,17848840
Billie Eilish,you should see me in a crown,1124190,12191590
Billie Eilish,bury a friend,1087882,12592483
Billie Eilish,wish you were gay,1018648,11680209
Billie Eilish,Bored,1012000,11744022
Billie Eilish,all the good girls go to hell,986308,10166669
PinkPantheress,Pain,1810246,34293191
PinkPantheress,Boy's a liar Pt. 2,1538056,21942807
PinkPantheress,I Must Apologise,1147775,15174199
PinkPantheress,Break It Off - Bonus,1030596,10810737
PinkPantheress,Attracted to You,1013820,16824662
PinkPantheress,Illegal,970443,10641689
PinkPantheress,Just for Me,831099,10062118
PinkPantheress,Boy's a liar,737647,6472049
PinkPantheress,Tonight,730411,10680962
PinkPantheress,Passion,717038,8585796
PinkPantheress,Stateside + Zara Larsson,607816,7363914
PinkPantheress,Mosquito,585441,8182314
PinkPantheress,Stateside,569420,8510590
PinkPantheress,Take me home,537244,5332909
PinkPantheress,All My Friends Know,475151,4841418
PinkPantheress,Girl Like Me,463578,5846137
PinkPantheress,Picture In My Mind,452537,4238621
PinkPantheress,Break It Off,451498,5306862
PinkPantheress,The aisle,438614,4446755
PinkPantheress,Last Valentines,438508,4207609
Charli xcx,360,1562284,32405699
Charli xcx,Guess featuring billie eilish,1515406,28281921
Charli xcx,Apple,1388801,22678101
Charli xcx,Von dutch,1379522,30006317
Charli xcx,365,1253348,21602353
Charli xcx,Boom Clap,1168854,8863081
Charli xcx,party 4 u,1127394,18859492
Charli xcx,Club classics,1068181,17203210
Charli xcx,B2b,1037107,17817978
Charli xcx,Sympathy is a knife,1031083,17753559
Charli xcx,"Girl, so confusing featuring lorde",985928,15036802
Charli xcx,Talk talk,933655,12792006
Charli xcx,Everything is romantic,923377,12925984
Charli xcx,"Girl, so confusing",877956,8766575
Charli xcx,Vroom Vroom,815651,11242797
Charli xcx,I might say something stupid,813769,7302802
Charli xcx,Rewind,759522,7349640
Charli xcx,Mean girls,747801,7986534
Charli xcx,Speed Drive (From Barbie the Album),737570,8898478
Charli xcx,So I,711275,5954805
Tame Impala,The Less I Know the Better,2644766,45695465
Tame Impala,Borderline,1865943,27622198
Tame Impala,Feels Like We Only Go Backwards,1744133,18558170
Tame Impala,"New Person, Same Old Mistakes",1731138,22737330
Tame Impala,Let It Happen,1700623,24669165
Tame Impala,Eventually,1578817,18790133
Tame Impala,Nangs,1338603,12958166
Tame Impala,Elephant,1304822,11715411
Tame Impala,Yes I'm Changing,1171924,11269565
Tame Impala,Disciples,972617,7859747
Tame Impala,The Moment,926446,8015976
Tame Impala,One More Hour,833006,7011670
Tame Impala,Love/Paranoia,823604,6747494
Tame Impala,Dracula,805554,7271278
Tame Impala,Is It True,790716,7050580
Tame Impala,'Cause I'm a Man,724345,5555873
Tame Impala,Mind Mischief,694036,5689434
Tame Impala,Lost in Yesterday,669115,6187964
Tame Impala,Breathe Deeper,636137,5587740
Tame Impala,Past Life,608283,4119015
A$AP Rocky,Sundress,1334428,24379728
A$AP Rocky,Praise the Lord (Da Shine) (feat. Skepta),1253423,17525044
A$AP Rocky,Fashion Killa,1105218,16787649
A$AP Rocky,I Smoked Away My Brain (I'm God x Demons Mashup) (feat. Imogen Heap & Clams Casino),1035470,17186970
A$AP Rocky,LVL,966963,13541396
A$AP Rocky,L$D,930822,12565676
A$AP Rocky,"F**kin' Problems (feat. Drake, 2 Chainz & Kendrick Lamar)",893178,8986448
A$AP Rocky,"Everyday (feat. Rod Stewart, Miguel & Mark Ronson)",892678,9521805
A$AP Rocky,Lord Pretty Flacko Jodye 2 (LPFJ2),790401,9830860
A$AP Rocky,Peso,729343,7942053
A$AP Rocky,Jukebox Joints (feat. Joe Fox & Kanye West),709454,10472349
A$AP Rocky,Goldie,636846,5358464
A$AP Rocky,Purity (feat. Frank Ocean),552588,6512696
A$AP Rocky,Wassup,471313,4664083
A$AP Rocky,Sandman,464815,5790025
A$AP Rocky,R - Cali,437915,3081927
A$AP Rocky,Fukk Sleep (feat. FKA twigs),434283,3974818
A$AP Rocky,Long Live A$AP,434047,3566015
A$AP Rocky,Babushka Boi,426683,4391845
A$AP Rocky,Purple Swag,426157,3386078
Lana Del Rey,Summertime Sadness,2392877,33688922
Lana Del Rey,Video Games,2152674,30378352
Lana Del Rey,Young and Beautiful,2014086,25714598
Lana Del Rey,Born to Die,1999828,31032688
Lana Del Rey,West Coast,1780110,33009491
Lana Del Rey,Diet Mountain Dew,1777588,24158305
Lana Del Rey,Brooklyn Baby,1652004,28798380
Lana Del Rey,National Anthem,1576995,24944924
Lana Del Rey,Radio,1574106,21797970
Lana Del Rey,Doin' Time,1493182,24924159
Lana Del Rey,Cinnamon Girl,1460358,26856437
Lana Del Rey,Dark Paradise,1449275,19230881
Lana Del Rey,Blue Jeans,1348366,21240859
Lana Del Rey,Say Yes to Heaven,1293216,16227996
Lana Del Rey,Ultraviolence,1280860,22250506
Lana Del Rey,Off to the Races,1207080,18022410
Lana Del Rey,Pretty When You Cry,1176208,18771063
Lana Del Rey,Ride,1170038,18307803
Lana Del Rey,Norman fucking Rockwell,1128867,20544680
Lana Del Rey,Let the Light In (feat. Father John Misty),1126958,22451569
Arctic Monkeys,505,2918837,55317616
Arctic Monkeys,Do I Wanna Know?,2802640,43352837
Arctic Monkeys,Why'd You Only Call Me When You're High?,2598327,39965763
Arctic Monkeys,I Wanna Be Yours,2511849,40623946
Arctic Monkeys,Fluorescent Adolescent,2463660,33122516
Arctic Monkeys,R U Mine?,2164956,31305082
Arctic Monkeys,I Bet You Look Good on the Dancefloor,2084314,23248521
Arctic Monkeys,Mardy Bum,1887582,20119386
Arctic Monkeys,When the Sun Goes Down,1793727,19787352
Arctic Monkeys,Snap Out of It,1603584,19730888
Arctic Monkeys,No. 1 Party Anthem,1567140,23082925
Arctic Monkeys,Teddy Picker,1553515,17188911
Arctic Monkeys,Arabella,1544023,18208544
Arctic Monkeys,Brianstorm,1466669,16618137
Arctic Monkeys,Fake Tales of San Francisco,1426485,12301651
Arctic Monkeys,Dancing Shoes,1390124,11775306
Arctic Monkeys,Knee Socks,1327239,14812012
Arctic Monkeys,From the Ritz to the Rubble,1295195,12289607
Arctic Monkeys,A Certain Romance,1278961,11756467
Arctic Monkeys,The View from the Afternoon,1262854,11684948
Bad Bunny,DtMF,933124,11608688
Bad Bunny,NUEVAYoL,745259,8889901
Bad Bunny,Tit├Ł Me Pregunt├│,740168,9924025
Bad Bunny,BAILE INoLVIDABLE,680179,9238094
Bad Bunny,Me Porto Bonito,662949,9306514
Bad Bunny,VOY A LLeVARTE PA PR,579961,7338637
Bad Bunny,EoO,562831,7140177
Bad Bunny,Moscow Mule,555697,8515433
Bad Bunny,D├üKITI,550995,7435895
Bad Bunny,Ojitos Lindos,480700,7248641
Bad Bunny,Otro Atardecer,479066,6262690
Bad Bunny,Callaita,451947,5362580
Bad Bunny,VeLD├ü,446122,5431482
Bad Bunny,Efecto,444238,6412354
Bad Bunny,MONACO,428023,4637585
Bad Bunny,WELTiTA,416314,3922358
Bad Bunny,Neverita,415095,5804739
Bad Bunny,Yonaguni,407536,5442943
Bad Bunny,EL CL├║B,398846,3956173
Bad Bunny,PERFuMITO NUEVO,392584,3608524
Frank Ocean,Pink + White,2362442,57229778
Frank Ocean,Thinkin Bout You,2138935,34880182
Frank Ocean,Lost,1937602,31122946
Frank Ocean,Ivy,1809326,41893989
Frank Ocean,White Ferrari,1626306,38308053
Frank Ocean,Nights,1596071,40291394
Frank Ocean,Pyramids,1456477,22669362
Frank Ocean,Novacane,1433790,24945279
Frank Ocean,Chanel,1415828,23694097
Frank Ocean,Super Rich Kids,1369472,18130651
Frank Ocean,Self Control,1297353,31565415
Frank Ocean,Pink Matter,1232189,19560633
Frank Ocean,Godspeed,1180911,17991297
Frank Ocean,In My Room,1156585,19963131
Frank Ocean,Nikes,1151650,20752410
Frank Ocean,Crack Rock,1124478,14652886
Frank Ocean,Sweet Life,1102915,12353586
Frank Ocean,Bad Religion,1082045,13573181
Frank Ocean,Solo,1076555,18077655
Frank Ocean,Sierra Leone,1054902,10941239
Paramore,Misery Business,2635360,35939035
Paramore,Still Into You,1926499,25934212
Paramore,The Only Exception,1861443,23210610
Paramore,All I Wanted,1663146,22385480
Paramore,That's What You Get,1611206,17835618
Paramore,crushcrushcrush,1575281,18649970
Paramore,Decode,1543893,20818646
Paramore,Hard Times,1385748,17861891
Paramore,Ain't It Fun,1373601,14301359
Paramore,Ignorance,1326561,16802094
Paramore,Brick by Boring Brick,1045243,12689294
Paramore,Pressure,941574,9386732
Paramore,Emergency,822840,8088148
Paramore,When It Rains,794734,7838268
Paramore,Playing God,779471,9301590
Paramore,Let the Flames Begin,772644,7711402
Paramore,Fences,772166,7747806
Paramore,Hallelujah,741420,6925171
Paramore,"For a Pessimist, I'm Pretty Optimistic",733312,6736512
Paramore,Born for This,672440,6545863
Justin Bieber,Beauty and a Beat,1493961,13921679
Justin Bieber,Sorry,1486075,12788879
Justin Bieber,Baby,1321341,8441545
Justin Bieber,What Do You Mean?,1245479,10657392
Justin Bieber,Love Yourself,1211612,10419683
Justin Bieber,Boyfriend,1057144,7852527
Justin Bieber,Mistletoe,1031997,5606240
Justin Bieber,Confident,974996,11292063
Justin Bieber,Peaches (feat. Daniel Caesar & Giveon),819989,7395047
Justin Bieber,Ghost,802558,10258068
Justin Bieber,Company,737076,6749119
Justin Bieber,One Time,732783,5637173
Justin Bieber,Somebody to Love,663334,4727441
Justin Bieber,DAISIES,618978,5375716
Justin Bieber,As Long as You Love Me,617997,4006126
Justin Bieber,Never Say Never,533967,3463372
Justin Bieber,Hold On,473892,5293726
Justin Bieber,One Less Lonely Girl,466932,3163699
Justin Bieber,Love Me,450079,3451254
Justin Bieber,All That Matters,438631,4167425
Bruno Mars,Locked Out of Heaven,2382549,24239483
Bruno Mars,Just the Way You Are,2120580,18995627
Bruno Mars,Grenade,1819420,16555959
Bruno Mars,When I Was Your Man,1811361,17822401
Bruno Mars,That's What I Like,1788900,16804282
Bruno Mars,Treasure,1516874,12055350
Bruno Mars,Talking to the Moon,1456228,13485878
Bruno Mars,The Lazy Song,1425550,8837607
Bruno Mars,24K Magic,1413822,11098273
Bruno Mars,Marry You,1330929,9803420
Bruno Mars,Leave the Door Open,1280374,12908641
Bruno Mars,It Will Rain,1166987,10459457
Bruno Mars,Runaway Baby,1024250,8686799
Bruno Mars,Smokin Out The Window,876956,9897357
Bruno Mars,Count on Me,796545,5091758
Bruno Mars,After Last Night (with Thundercat & Bootsy Collins),709963,6784695
Bruno Mars,Finesse - Remix; feat. Cardi B,696576,5005168
Bruno Mars,Versace on the Floor,696059,5910637
Bruno Mars,Finesse,631683,4533630
Bruno Mars,Skate,599969,5349298
Don Toliver,No Idea,1167616,15320832
Don Toliver,No Pole,962122,15974148
Don Toliver,After Party,869720,9430318
Don Toliver,BANDIT,731890,10428937
Don Toliver,Cardigan,685198,7691715
Don Toliver,NEW DROP,672415,7973085
Don Toliver,Private Landing (feat. Justin Bieber & Future),649457,7448462
Don Toliver,TORE UP,571088,9877965
Don Toliver,Had Enough (feat. Quavo & Offset),502948,6274400
Don Toliver,You (feat. Travis Scott),482538,6294183
Don Toliver,Drugs N Hella Melodies (feat. Kali Uchis),441921,4994198
Don Toliver,Embarrassed (feat. Travis Scott),404644,5005089
Don Toliver,Tiramisu,369917,2601333
Don Toliver,BROTHER STONE (FEAT. KODAK BLACK),361865,3659864
Don Toliver,Lose My Mind (feat. Doja Cat) [From F1┬« The Movie],323965,3087813
Don Toliver,Flocky Flocky (feat. Travis Scott),316871,3412498
Don Toliver,KRYPTONITE,312225,3465367
Don Toliver,ATTITUDE (FEAT. CHARLIE WILSON & CASH COBAIN),288227,2634516
Don Toliver,Euphoria (feat. Travis Scott & Kaash Paige),280596,2694997
Don Toliver,What You Need,268802,2800362
Doja Cat,Kiss Me More (feat. SZA),1835729,27907812
Doja Cat,Woman,1661551,24591357
Doja Cat,Streets,1444827,21592964
Doja Cat,Need to Know,1414743,22809460
Doja Cat,Say So,1310158,14888573
Doja Cat,Paint the Town Red,1253788,16659989
Doja Cat,You Right,1252595,16866184
Doja Cat,Ain't Shit,1125468,14678177
Doja Cat,Agora Hills,1111747,20168858
Doja Cat,Get Into It (Yuh),1029686,14399920
Doja Cat,Boss Bitch,1003486,12175758
Doja Cat,So High,964829,11936104
Doja Cat,Rules,888441,11985472
Doja Cat,Candy,883966,9347349
Doja Cat,Tia Tamera (feat. Rico Nasty),784748,8713539
Doja Cat,Like That (feat. Gucci Mane),781403,8138060
Doja Cat,Juicy,732950,8203238
Doja Cat,Freak,659472,5699397
Doja Cat,Been Like This,658703,8883967
Doja Cat,Cyber Sex,652755,7121880
Chappell Roan,"Good Luck, Babe!",2007394,57057595
Chappell Roan,HOT TO GO!,1542777,32041135
Chappell Roan,Pink Pony Club,1453436,25534714
Chappell Roan,Red Wine Supernova,1279313,30631680
Chappell Roan,Casual,1252090,28542552
Chappell Roan,Femininomenon,1067709,19091922
Chappell Roan,My Kink Is Karma,990352,19119199
Chappell Roan,The Subway,890937,15314985
Chappell Roan,Naked in Manhattan,855618,14267326
Chappell Roan,Picture You,843308,12532393
Chappell Roan,Super Graphic Ultra Modern Girl,840045,13417297
Chappell Roan,After Midnight,808511,12112154
Chappell Roan,The Giver,642782,7163539
Chappell Roan,Coffee,618417,5838675
Chappell Roan,Kaleidoscope,591628,5957296
Chappell Roan,California,579538,6090083
Chappell Roan,Guilty Pleasure,505383,4932178
Chappell Roan,Love Me Anyway,450174,3564279
Chappell Roan,School Nights,209365,838378
Chappell Roan,Good Hurt,161688,564696
The Mar├Łas,No One Noticed,1476835,30340497
The Mar├Łas,Sienna,1079321,17426907
The Mar├Łas,Heavy,942908,15122893
The Mar├Łas,Only in My Dreams,760904,7880308
The Mar├Łas,No One Noticed (Extended Spanish),739076,6905524
The Mar├Łas,Run Your Mouth,729146,7973725
The Mar├Łas,Cari├▒o,723869,8858131
The Mar├Łas,Nobody New,701066,7685157
The Mar├Łas,Paranoia,680576,7112736
The Mar├Łas,Back To Me,674531,8493536
The Mar├Łas,Lejos de Ti,634729,6115240
The Mar├Łas,Over the Moon,619280,6939090
The Mar├Łas,Real Life,615671,5133976
The Mar├Łas,Love You Anyway,557141,4533896
The Mar├Łas,I Don't Know You,553470,5156518
The Mar├Łas,No One Noticed (Extended English),540260,4641737
The Mar├Łas,All I Really Want Is You,495252,4288928
The Mar├Łas,Hush,471368,3617495
The Mar├Łas,Spin Me Around,380286,2544705
The Mar├Łas,Ay No Puedo,374608,3041354
Gorillaz,Feel Good Inc.,3154446,37904894
Gorillaz,Clint Eastwood,2583155,22084028
Gorillaz,On Melancholy Hill,2226695,26734240
Gorillaz,DARE,2148996,19331358
Gorillaz,Rhinestone Eyes,1781620,18322871
Gorillaz,Dirty Harry,1601197,11923654
Gorillaz,Kids with Guns,1432078,10133325
Gorillaz,19-2000,1236159,8592401
Gorillaz,She's My Collar (feat. Kali Uchis),1211591,14205234
Gorillaz,November Has Come,1127683,7402796
Gorillaz,O Green World,1112466,6940390
Gorillaz,Last Living Souls,1011267,5717041
Gorillaz,Tomorrow Comes Today,988571,6559705
Gorillaz,Every Planet We Reach Is Dead,940929,5419574
Gorillaz,Empire Ants (feat. Little Dragon),898964,8942373
Gorillaz,Feel Good Inc,867236,6455923
Gorillaz,All Alone,858172,4755030
Gorillaz,El Ma├▒ana,857217,5740182
Gorillaz,New Gold (feat. Tame Impala and Bootie Brown),850701,7761905
Gorillaz,Intro,830043,3598425
Fleetwood Mac,Dreams - 2004 Remaster,1894080,26446166
Fleetwood Mac,The Chain - 2004 Remaster,1688899,21114583
Fleetwood Mac,Landslide,1487195,14491284
Fleetwood Mac,Rhiannon,1333783,11211857
Fleetwood Mac,Everywhere - 2017 Remaster,1102186,10092830
Fleetwood Mac,Go Your Own Way - 2004 Remaster,1059153,9164011
Fleetwood Mac,Go Your Own Way,957355,6356005
Fleetwood Mac,Dreams,954500,6852865
Fleetwood Mac,Gypsy,949582,7214554
Fleetwood Mac,Silver Springs - 2004 Remaster,863113,10958390
Fleetwood Mac,Everywhere,783992,5016368
Fleetwood Mac,Little Lies - 2017 Remaster,716709,5512725
Fleetwood Mac,Never Going Back Again - 2004 Remaster,691514,5114565
Fleetwood Mac,Don't Stop - 2004 Remaster,678524,3955719
Fleetwood Mac,You Make Loving Fun - 2004 Remaster,650992,4663394
Fleetwood Mac,Little Lies,642636,4137734
Fleetwood Mac,The Chain,621268,4488072
Fleetwood Mac,Don't Stop,589351,3124083
Fleetwood Mac,Say You Love Me,559584,2970940
Fleetwood Mac,You Make Loving Fun,498065,2618483
Mitski,My Love Mine All Mine,1969287,48676319
Mitski,Washing Machine Heart,1817433,34607639
Mitski,I Bet on Losing Dogs,1402087,31236443
Mitski,Nobody,1379935,22718202
Mitski,Francis Forever,1245187,24384520
Mitski,First Love/Late Spring,1180810,18354865
Mitski,Me and My Husband,1145279,18748905
Mitski,A Pearl,973541,16747936
Mitski,Liquid Smooth,953626,16242676
Mitski,I Want You,940795,16459045
Mitski,Your Best American Girl,881178,14476760
Mitski,Once More to See You,702748,12965629
Mitski,Last Words of a Shooting Star,684060,11257765
Mitski,A Burning Hill,679482,10344599
Mitski,Brand New City,662481,12138018
Mitski,Strawberry Blond,655932,7752080
Mitski,Pink in the Night,640527,9455979
Mitski,Why Didn't You Stop Me?,637533,8491003
Mitski,Class of 2013,613947,8965784
Mitski,First Love / Late Spring,572505,9698367
Harry Styles,As It Was,1946710,40725839
Harry Styles,Watermelon Sugar,1468200,19320811
Harry Styles,Adore You,1374489,19710134
Harry Styles,Sign of the Times,1339994,17065526
Harry Styles,Falling,1053537,14150015
Harry Styles,Late Night Talking,1047666,16140064
Harry Styles,Golden,992436,14725559
Harry Styles,Matilda,945993,16065745
Harry Styles,Fine Line,893007,14707349
Harry Styles,Satellite,795228,14818039
Harry Styles,Lights Up,774238,12585951
Harry Styles,Kiwi,767375,9506766
Harry Styles,Sweet Creature,735601,8387496
Harry Styles,Music for a Sushi Restaurant,732378,9787129
Harry Styles,Cherry,720096,10025607
Harry Styles,Little Freak,707373,12363663
Harry Styles,Keep Driving,703399,12537632
Harry Styles,Daylight,689283,10770819
Harry Styles,From the Dining Table,683196,10238196
Harry Styles,She,674928,8029962
Deftones,Change (In the House of Flies),1827240,26448984
Deftones,My Own Summer (Shove It),1785258,26059450
Deftones,Be Quiet and Drive (Far Away),1566862,26685658
Deftones,Sextape,1488960,26706920
Deftones,Cherry Waves,1290614,21407795
Deftones,Digital Bath,1206220,13459447
Deftones,Mascara,1195213,15112135
Deftones,Around the Fur,967611,9787331
Deftones,Rosemary,939984,13026988
Deftones,Passenger,912587,8589671
Deftones,Please Please Please Let Me Get What I Want - 2005 Remaster,908917,15038750
Deftones,Diamond Eyes,853985,10032601
Deftones,Entombed,849262,11041040
Deftones,Hole in the Earth,795976,9278101
Deftones,7 Words,791185,8334619
Deftones,Minerva,769323,6375619
Deftones,Risk,752378,8481319
Deftones,Beauty School,746005,9350493
Deftones,Beware,740794,9584263
Deftones,RX Queen,733324,5736522
The Smiths,There Is a Light That Never Goes Out - 2011 Remaster,1827213,28923455
The Smiths,Heaven Knows I'm Miserable Now - 2011 Remaster,1604035,23859999
The Smiths,This Charming Man - 2011 Remaster,1594289,23885092
The Smiths,"Please, Please, Please, Let Me Get What I Want - 2011 Remaster",1396005,19910398
The Smiths,Back to the Old House - 2011 Remaster,1363324,21253568
The Smiths,This Night Has Opened My Eyes - 2011 Remaster,1254525,18987522
The Smiths,Bigmouth Strikes Again - 2011 Remaster,1051483,12814690
The Smiths,How Soon Is Now? - 2011 Remaster,1039112,10641052
The Smiths,I Know It's Over - 2011 Remaster,1002571,12331111
The Smiths,There Is a Light That Never Goes Out,947159,10173130
The Smiths,This Charming Man,858988,8189869
The Smiths,Pretty Girls Make Graves - 2011 Remaster,809975,7874476
The Smiths,Well I Wonder - 2011 Remaster,739611,6224978
The Smiths,That Joke Isn't Funny Anymore,722818,5082738
The Smiths,Asleep - 2011 Remaster,680586,6220400
The Smiths,Bigmouth Strikes Again,674954,6127948
The Smiths,How Soon Is Now?,644690,4447548
The Smiths,Cemetry Gates - 2011 Remaster,630730,5505962
The Smiths,I Don't Owe You Anything - 2011 Remaster,624616,4367008
The Smiths,Still Ill - 2011 Remaster,601653,5319830
Linkin Park,In the End,3191083,38102633
Linkin Park,Numb,2967001,34801975
Linkin Park,Faint,2254241,27724272
Linkin Park,One Step Closer,2156487,23873584
Linkin Park,What I've Done,2075442,22405352
Linkin Park,Somewhere I Belong,1937975,21229432
Linkin Park,Crawling,1912295,18910913
Linkin Park,Papercut,1714426,18778819
Linkin Park,Breaking the Habit,1666352,18012305
Linkin Park,Bleed It Out,1568094,16743153
Linkin Park,Lying from You,1408613,14871560
Linkin Park,Leave Out All the Rest,1286363,13112731
Linkin Park,Given Up,1280289,14195457
Linkin Park,Points of Authority,1166757,10684089
Linkin Park,From the Inside,1136183,10635642
Linkin Park,Runaway,1135136,9474791
Linkin Park,A Place for My Head,1112267,10534643
Linkin Park,With You,1077568,9522064
Linkin Park,Don't Stay,1038737,9386007
Linkin Park,By Myself,1018575,8453187
Travis Scott,Antidote,64892,418323
Travis Scott,3500,28519,161606
Travis Scott,90210,26073,258878
Travis Scott,Backyard,22771,215372
Travis Scott,Upper Echelon,22690,91743
Travis Scott,Zombies,21398,154856
Travis Scott,Pornography,20775,781949
Travis Scott,Grey,20750,180950
Travis Scott,Drugs You Should Try It,20518,278330
Travis Scott,Basement Freestyle,20424,170281
Travis Scott,Drugs You Should Try,20161,296483
Travis Scott,Don't Play,18736,75602
Travis Scott,Pray 4 Love,17742,93058
Travis Scott,Impossible,17453,127574
Travis Scott,Quintana Pt. 2,17415,160507
Travis Scott,Nightcrawler,16698,106518
Travis Scott,Apple Pie,16397,117873
Travis Scott,I Can Tell,15779,1228709
Travis Scott,Oh My Dis Side,15473,104222
Travis Scott,A-Team,15215,73381
Coldplay,Yellow,3491826,37975487
Coldplay,Viva la Vida,3459404,40185063
Coldplay,The Scientist,2992294,31501548
Coldplay,Clocks,2814329,24394775
Coldplay,Fix You,2578633,25846511
Coldplay,Sparks,2480029,36205004
Coldplay,Paradise,1945467,18936949
Coldplay,Don't Panic,1761446,16083766
Coldplay,Trouble,1679341,12793288
Coldplay,In My Place,1595662,12458005
Coldplay,Speed of Sound,1539412,11746663
Coldplay,A Sky Full of Stars,1384745,12222661
Coldplay,Violet Hill,1352158,12299800
Coldplay,Adventure of a Lifetime,1305207,11763576
Coldplay,Shiver,1289798,9920034
Coldplay,Talk,1229010,9291557
Coldplay,Hymn for the Weekend,1161336,10756773
Coldplay,Green Eyes,1140175,8210471
Coldplay,God Put a Smile Upon Your Face,1043377,6764020
Coldplay,Strawberry Swing,1019284,8530775
The Neighbourhood,Sweater Weather,2869652,47839400
The Neighbourhood,Daddy Issues,1816415,29495247
The Neighbourhood,Softcore,1478032,25176331
The Neighbourhood,You Get Me So High,1359878,22343707
The Neighbourhood,Afraid,1168668,12226298
The Neighbourhood,Reflections,1089513,17593473
The Neighbourhood,Pretty Boy,979245,13073655
The Neighbourhood,The Beach,900518,10533485
The Neighbourhood,Cry Baby,874479,11719800
The Neighbourhood,Stargazing,797526,9049183
The Neighbourhood,A Little Death,666985,8296137
The Neighbourhood,Nervous,644672,7537426
The Neighbourhood,Wires,621149,6158207
The Neighbourhood,Flawless,591482,5832904
The Neighbourhood,Baby Came Home 2 / Valentines,580875,5962510
The Neighbourhood,Devil's Advocate,549581,6396599
The Neighbourhood,R.I.P. 2 My Youth,541513,5787500
The Neighbourhood,Cherry Flavoured,505540,5454127
The Neighbourhood,W.D.Y.W.F.M?,478260,4701259
The Neighbourhood,Void,475776,5710738
SZA,Kill Bill,2121332,43681972
SZA,Snooze,1505265,25352513
SZA,Good Days,1466629,25871025
SZA,Broken Clocks,1180391,19863943
SZA,Saturn,1156373,17610664
SZA,Low,1118419,18869577
SZA,Love Galore (feat. Travis Scott),1110307,16994198
SZA,Nobody Gets Me,1096077,18528019
SZA,Open Arms (feat. Travis Scott),1048091,15873673
SZA,Shirt,1029256,15424408
SZA,The Weekend,959234,11687497
SZA,Drew Barrymore,914534,15443485
SZA,Normal Girl,893229,14339451
SZA,Blind,891338,12627484
SZA,I Hate U,882693,11979269
SZA,Ghost in the Machine (feat. Phoebe Bridgers),828496,12141663
SZA,Supermodel,812608,12934229
SZA,Doves in the Wind (feat. Kendrick Lamar),783163,9178162
SZA,Used (feat. Don Toliver),773974,8702166
SZA,Seek & Destroy,757194,9503779
Childish Gambino,Redbone,1943810,27888887
Childish Gambino,3005,1466915,21659960
Childish Gambino,Heartbeat,1420348,20286898
Childish Gambino,Me and Your Mama,1417305,21825412
Childish Gambino,LES,1381002,24858732
Childish Gambino,Bonfire,1022239,10321621
Childish Gambino,III. Urn,932628,9868163
Childish Gambino,Sober,880669,8441263
Childish Gambino,This Is America,856275,7004933
Childish Gambino,IV. Sweatpants,849436,9225544
Childish Gambino,Feels Like Summer,824732,7613604
Childish Gambino,"III. Telegraph Ave. (""Oakland"" by Lloyd)",617477,7362592
Childish Gambino,I. The Worst Guys,527838,5249099
Childish Gambino,Lithonia,483513,5513238
Childish Gambino,Terrified,432130,2701491
Childish Gambino,Fire Fly,423794,3050335
Childish Gambino,I. Pink Toes,401890,3249689
Childish Gambino,Baby Boy,395889,2666667
Childish Gambino,Summertime Magic,392015,3039371
Childish Gambino,Have Some Love,381924,1998932
Joji,SLOW DANCING IN THE DARK,1773686,35600220
Joji,Glimpse of Us,1456671,30601024
Joji,YEAH RIGHT,1048365,18104350
Joji,Worldstar Money (Interlude),1027371,15554995
Joji,Sanctuary,908762,15091529
Joji,Die for You,876795,14976571
Joji,Will He,829052,11915669
Joji,Gimme Love,818645,11940167
Joji,Run,685454,11202197
Joji,CAN'T GET OVER YOU (feat. Clams Casino),623089,7968640
Joji,Like You Do,573683,9480018
Joji,TEST DRIVE,537674,6810345
Joji,WANTED U,530677,6876243
Joji,Daylight,498890,6456373
Joji,Demons,487700,5469325
Joji,Afterthought,479022,6502833
Joji,ATTENTION,468115,6068477
Joji,Ew,461861,6492946
Joji,Feeling Like the End,460764,5626853
Joji,YUKON (INTERLUDE),445464,6896364
Playboi Carti,Sky,1285964,24437629
Playboi Carti,Magnolia,1268377,20091573
Playboi Carti,Location,1138264,24594308
Playboi Carti,ILoveUIHateU,966556,22558149
Playboi Carti,R.I.P.,910094,20554440
Playboi Carti,Vamp Anthem,890859,14437607
Playboi Carti,wokeuplikethis*,788780,12951700
Playboi Carti,New Tank,749130,15168047
Playboi Carti,Foreign,734309,11833673
Playboi Carti,EVIL J0RDAN,708389,9012303
Playboi Carti,Stop Breathing,674230,13545928
Playboi Carti,Rockstar Made,638685,11192338
Playboi Carti,FlatBed Freestyle,635966,9124790
Playboi Carti,Lean 4 Real (feat. Skepta),634420,11021516
Playboi Carti,RATHER LIE (with The Weeknd),619277,11180386
Playboi Carti,Yah Mean,590707,9510151
Playboi Carti,On That Time,586725,10673355
Playboi Carti,Over,561484,12620124
Playboi Carti,Flex,541126,9205738
Playboi Carti,All Red,531880,13400912
Olivia Dean,Man I Need,716423,6905507
Olivia Dean,So Easy (To Fall In Love),692897,5787208
Olivia Dean,Nice To Each Other,569268,5120991
Olivia Dean,Dive,475516,3805026
Olivia Dean,A Couple Minutes,393485,2957255
Olivia Dean,The Hardest Part,353843,2539033
Olivia Dean,Let Alone The One You Love,340122,2615226
Olivia Dean,Baby Steps,319826,2189866
Olivia Dean,Lady Lady,305759,2187159
Olivia Dean,I've Seen It,297707,2156738
Olivia Dean,Ok Love You Bye,275770,1993375
Olivia Dean,Close Up,238334,1451486
Olivia Dean,Something Inbetween,228222,1430943
Olivia Dean,Loud,202249,1397394
Olivia Dean,Ladies Room,186551,1126463
Olivia Dean,The Art of Loving (Intro),170421,962991
Olivia Dean,Echo,166290,857309
Olivia Dean,It IsnŌĆÖt Perfect But It Might Be - from ŌĆ£Bridget Jones: Mad About the BoyŌĆØ Original Motion Picture Soundtrack,146064,984717
Olivia Dean,The Hardest Part (feat. Leon Bridges),131351,650635
Olivia Dean,Dangerously Easy,120249,532118
Future,Mask Off,1268155,12281484
Future,Like That,1228522,21521170
Future,Type Shit,896081,15214493
Future,WAIT FOR U (feat. Drake & Tems),890938,13361853
Future,Life Is Good (feat. Drake),830604,9663679
Future,Solo,787233,12231308
Future,Low Life (feat. The Weeknd),787138,10395729
Future,PUFFIN ON ZOOTIEZ,674008,11391393
Future,The Percocet & Stripper Joint,563021,8830333
Future,I Serve the Base,511398,7143355
Future,Cinderella,485791,6897768
Future,WE STILL DON'T TRUST YOU,444317,5152839
Future,Young Metro,431702,4251111
Future,Codeine Crazy,426942,7916093
Future,We Don't Trust You,404490,3647253
Future,LIL DEMON,388498,3484954
Future,Fine China,361303,4461571
Future,Too Comfortable,360272,4165691
Future,Drankin N Smokin,353041,3889879
Future,March Madness,348811,4206423
Olivia Rodrigo,good 4 u,1750150,35220998
Olivia Rodrigo,deja vu,1570391,29527122
Olivia Rodrigo,drivers license,1560492,29902800
Olivia Rodrigo,vampire,1441878,32800423
Olivia Rodrigo,traitor,1417818,24719974
Olivia Rodrigo,"jealousy, jealousy",1365339,24314215
Olivia Rodrigo,brutal,1285506,22417068
Olivia Rodrigo,favorite crime,1257150,25091988
Olivia Rodrigo,bad idea right?,1161440,24466055
Olivia Rodrigo,happier,1141147,18183596
Olivia Rodrigo,lacy,986479,20061461
Olivia Rodrigo,all-american bitch,953622,20694994
Olivia Rodrigo,get him back!,945744,19674308
Olivia Rodrigo,"1 step forward, 3 steps back",925466,14393368
Olivia Rodrigo,enough for you,882076,14188091
Olivia Rodrigo,obsessed,794334,13823157
Olivia Rodrigo,love is embarrassing,791883,17946938
Olivia Rodrigo,hope ur ok,774298,11243587
Olivia Rodrigo,ballad of a homeschooled girl,763188,14569501
Olivia Rodrigo,making the bed,762609,14761524
Michael Jackson,Billie Jean,3046698,24372676
Michael Jackson,Beat It,2453513,17587363
Michael Jackson,Thriller,2207985,13194893
Michael Jackson,Rock With You - Single Version,1313020,10027748
Michael Jackson,P.Y.T. (Pretty Young Thing),1269404,8756982
Michael Jackson,Don't Stop 'Til You Get Enough,1233137,6961536
Michael Jackson,Smooth Criminal - 2012 Remaster,1179887,7687269
Michael Jackson,Remember the Time,1174109,8704218
Michael Jackson,Black or White,1107855,6329453
Michael Jackson,Human Nature,1049225,6914643
Michael Jackson,Wanna Be Startin' Somethin',973740,5526335
Michael Jackson,Chicago,970718,10380362
Michael Jackson,They Don't Care About Us,922905,5959573
Michael Jackson,Man in the Mirror,888088,5646908
Michael Jackson,Bad,873611,5103428
Michael Jackson,Smooth Criminal,808005,5648807
Michael Jackson,Dirty Diana,761842,4772863
Michael Jackson,The Way You Make Me Feel,748258,4202749
Michael Jackson,The Way You Make Me Feel - 2012 Remaster,742984,4029273
Michael Jackson,Love Never Felt So Good,720298,4881903
Clairo,Sofia,1621662,26119240
Clairo,Bags,1494417,33154699
Clairo,Pretty Girl,1265970,15218677
Clairo,Juna,1205948,20563462
Clairo,4EVER,1128477,15910384
Clairo,Amoeba,1109377,19919098
Clairo,Flaming Hot Cheetos,1098242,13797075
Clairo,bubble gum,1051647,13552710
Clairo,Sexy To Someone,957018,13566438
Clairo,Hello?,888671,9775651
Clairo,Softly,784382,9929868
Clairo,Slow Dance,744454,7750606
Clairo,Add Up My Love,663353,8150745
Clairo,Terrapin,631313,6396615
Clairo,Second Nature,600244,6343066
Clairo,Nomad,577628,6623245
Clairo,How - demo,554362,5327279
Clairo,North,528147,6347171
Clairo,Alewife,494174,4965921
Clairo,2 Hold U,483754,3909852
TV Girl,Lovers Rock,2086959,47890442
TV Girl,Not Allowed,1629950,36576019
TV Girl,Cigarettes out the Window,1599936,29728329
TV Girl,Blue Hair,1359073,20506757
TV Girl,The Blonde,1148233,15361954
TV Girl,It Almost Worked,919492,12944607
TV Girl,Taking What's Not Yours,905309,12661655
TV Girl,Loving Machine,903292,11057100
TV Girl,Birds Dont Sing,829425,9399155
TV Girl,Louise,728904,8251275
TV Girl,Hate Yourself,587088,6333289
TV Girl,Song About Me,483119,5627126
TV Girl,Safeword,450163,4136958
TV Girl,Daughter of a Cop,446599,3670132
TV Girl,Pretty Boy,408521,3839987
TV Girl,Pantyhose,399869,3214774
TV Girl,My Girlfriend,323203,2947248
TV Girl,For You,288187,2420849
TV Girl,(Do The) Act Like You Never Met Me,251887,2341743
TV Girl,Heaven Is a Bedroom,245451,2174830
Lil Uzi Vert,XO TOUR Llif3,1450339,24909890
Lil Uzi Vert,20 Min,1280662,23212714
Lil Uzi Vert,Just Wanna Rock,1017621,12898432
Lil Uzi Vert,The Way Life Goes (feat. Oh Wonder),937227,15744615
Lil Uzi Vert,Money Longer,731131,8810334
Lil Uzi Vert,Watch This - ARIZONATEARS Pluggnb Remix,678950,7622720
Lil Uzi Vert,Neon Guts (feat. Pharrell Williams),665935,8494024
Lil Uzi Vert,Homecoming,664921,7658781
Lil Uzi Vert,Silly Watch,542827,6667162
Lil Uzi Vert,Erase Your Social,535806,7669064
Lil Uzi Vert,Flooded the Face,502505,6600128
Lil Uzi Vert,Myron,501137,6372653
Lil Uzi Vert,Sauce It Up,474635,5676598
Lil Uzi Vert,Sanguine Paradise,468858,6528061
Lil Uzi Vert,Baby Pluto,436506,5424654
Lil Uzi Vert,You Was Right,426751,4690603
Lil Uzi Vert,Lo Mein,424518,4985864
Lil Uzi Vert,P2,420909,5272998
Lil Uzi Vert,Yessirskiii,410346,5417033
Lil Uzi Vert,Aye (feat. Travis Scott),397961,3374008
Zara Larsson,Lush Life,1341026,11926021
Zara Larsson,Never Forget You,649817,4320445
Zara Larsson,Midnight Sun,520440,8150392
Zara Larsson,Ain't My Fault,484036,3660775
Zara Larsson,Ruin My Life,426361,3777216
Zara Larsson,Can't Tame Her,213664,2575924
Zara Larsson,I Would Like,197123,1398617
Zara Larsson,Blue Moon,188716,1501934
Zara Larsson,Pretty Ugly,186156,1909931
Zara Larsson,Hot & Sexy,175614,1739149
Zara Larsson,Uncover,175237,1118958
Zara Larsson,WOW,162599,1496319
Zara Larsson,I Can't Fall in Love Without You,160838,1003046
Zara Larsson,WOW (feat. Sabrina Carpenter) - Remix,159463,959427
Zara Larsson,Crush,155401,1241174
Zara Larsson,On My Love,152189,937083
Zara Larsson,Love Me Land,149492,2182207
Zara Larsson,Eurosummer,141216,1398470
Zara Larsson,Girl's Girl,138629,1134110
Zara Larsson,All the Time,138057,1548569
Beyoncķ,Halo,1758233,14412527
Beyoncķ,Crazy in Love (feat. JAY-Z),1667552,13123753
Beyoncķ,Single Ladies (Put a Ring on It),1573027,10365799
Beyoncķ,Irreplaceable,1499373,10400073
Beyoncķ,If I Were a Boy,1096919,7489476
Beyoncķ,Sweet Dreams,1073244,9418526
Beyoncķ,Love on Top,1032309,9683757
Beyoncķ,Diva,1015124,8547145
Beyoncķ,CUFF IT,930257,16397048
Beyoncķ,Run the World (Girls),853780,6629010
Beyoncķ,Naughty Girl,809381,5553577
Beyoncķ,Partition,794282,9167155
Beyoncķ,11-Jul,758825,6687963
Beyoncķ,Formation,738693,10054323
Beyoncķ,BREAK MY SOUL,731319,13105080
Beyoncķ,Beautiful Liar,730575,5313932
Beyoncķ,TEXAS HOLD 'EM,719961,8021020
Beyoncķ,Crazy in Love,703590,3472606
Beyoncķ,AMERICA HAS A PROBLEM,650946,12244631
Beyoncķ,ALIEN SUPERSTAR,643750,15727551
